商品URL,配送情報,商品カテゴリ,商品タイトル
https://ja.aliexpress.com/item/1005002636905930.html,配達予定：9月26日 配達予定：10月04日,自転車用ライト,"Natfire-防雨LED自転車ライト,10000 mAh,USB充電式,超高輝度,サイクリング用,フロント/リアライト"
https://ja.aliexpress.com/item/1005004557561439.html,配達予定：9月26日 配達予定：10月04日,ホーム,"Natfire-自転車用デジタル電池インジケーター,10000mAh,USB充電式,自転車用3ホルダー,7000lm,8 LED懐中電灯"
https://ja.aliexpress.com/item/1005004319681447.html,配達予定：9月26日 配達予定：10月04日,ホーム,"Natfire-LEDバイクライト,USB充電式,3600lm,6 *,超高輝度,フロントライトとリアライト,2個"
https://ja.aliexpress.com/item/1005005253475046.html,配達予定：9月26日 配達予定：10月04日,ホーム,"自転車用充電式電池インジケーター,自転車用USB充電式ライトセット,3ホルダー,5000lm,10000mah"
https://ja.aliexpress.com/item/1005004761601530.html,配達予定：9月26日 配達予定：10月04日 配達予定：9月27日,ホーム,"LED自転車ヘッドライト,USB付き充電式バッテリー,フロントおよびリア照明,オプションの8-6 LEDライト,10000mAh"
https://ja.aliexpress.com/item/1005004290029784.html,配達予定：9月26日 配達予定：10月04日,ホーム,"LED自転車ヘッドライト,USB充電式,10000ルーメン,超高輝度,フロントおよびリア照明,3600 mAh,6-8"
https://ja.aliexpress.com/item/1005003205687615.html,配達予定：9月26日 配達予定：10月04日,自転車用ライト,NATFIRE NGTR60パワフルなバイクライト、OLEDリアルタイムデータディスプレイ、10000mAh Type-C充電式自転車ヘッドライト、2000ルーメン、8つのライトビーズ付き明るい懐中電灯、3 +2ライトモード
https://ja.aliexpress.com/item/1005002739001422.html,配達予定：9月26日 配達予定：10月04日,自転車用ライト,Natfire 6 led自転車ライト3600ルーメン充電式自転車ライト懐中電灯前面と背面のリアライト屋外mtbロードサイクリング
https://ja.aliexpress.com/item/1005003620550114.html,配達予定：9月26日 配達予定：10月04日,自転車用ライト,"体育館バイクヘッドライト,10000mAh,5000lm,8 * LED,フロントライト,USB充電式"
https://ja.aliexpress.com/item/1005002636184458.html,配達予定：9月26日 配達予定：10月04日,ホーム,Natfire自転車ライトホルダーブラケット/マウント (nb3 np13 np16 nkx6 nbc60nkx8用)
https://ja.aliexpress.com/item/1005003609326483.html,配達予定：9月26日 配達予定：10月04日,自転車用ライト,新しいアップグレード8LED 10000mAhバイクライト（デジタルバッテリーインジケーター付き）、5000ルーメンフロントランプヘッドライト（バックリアテールライト付き）、タイプC充電式アルミニウム懐中電灯、NKX8Dプロ自転車ライト
https://ja.aliexpress.com/item/1005003814334109.html,配達予定：9月26日 配達予定：10月04日,ホーム,"体温かみのある白いレーザー懐中電灯,1500と統合された21700バッテリータイプc,充電式,戦術軍事検索懐中電灯"
https://ja.aliexpress.com/item/1005002322977068.html,配達予定：9月26日 配達予定：10月04日,自転車用ライト,Natfire自転車リアライト5ライトモードusb充電式ledテールライトサイクリングヘルメット安全警告ledマウンテンテールランプ
https://ja.aliexpress.com/item/1005005510532070.html,配達予定：9月26日,ホーム,"Natfire pk12-取り外し可能なバッテリーを備えた強力なLEDUSB懐中電灯,18650ルーメン,オプションの1000lm,充電器"
https://ja.aliexpress.com/item/1005002351648151.html,配達予定：9月26日 配達予定：10月04日,自転車用ライト,"Natfire-LED自転車ヘッドライト,USB充電式,450-800lm,リアライト,mtbフロントライト"
https://ja.aliexpress.com/item/1005005060016915.html,配達予定：9月26日 配達予定：10月04日,ホーム,"Natfire-LEDヘッドランプ,USB充電式,18650,懐中電灯,1000lm,磁気テール付き,キャンプ用"
https://ja.aliexpress.com/item/1005004861819132.html,配達予定：9月26日 配達予定：10月04日,ホーム,"Natfire-LEDヘッドランプ,hs50,USB 18650充電式,1000lm,強力な屋外照明,釣り用,マグネットテールキャップ付き"
